<core:FragmentDefinition xmlns:core="sap.ui.core" xmlns="sap.m" xmlns:l="sap.ui.layout" xmlns:f="sap.ui.layout.form">
	<Dialog>
		<f:SimpleForm id="SimpleFormDisplay354" editable="true" layout="ResponsiveGridLayout" labelSpanXL="3" labelSpanL="3" labelSpanM="3"
			labelSpanS="12" adjustLabelSpan="false" emptySpanXL="4" emptySpanL="4" emptySpanM="4" emptySpanS="0" columnsXL="1" columnsL="1" columnsM="1"
			singleContainerFullSize="false">
			<f:content>
				<Label text="Truck Number"/>
				<Input id="TruckNumArrival" value="{arrivalWelcomeModel>/TruckNumber}" showValueHelp="true" valueHelpRequest="onTruckF4"
					valueHelpOnly="true"/>
				<Label text="Driver"/>
				<Input id="idDriver" value="{arrivalWelcomeModel>/FullName}" showValueHelp="true" valueHelpRequest="onDriverF4" valueHelpOnly="true"/>
				<Label text="Plant"/>
				<Input id="idPlant" value="{arrivalWelcomeModel>/PlantTxt}" enabled="false"/>
				<Label text="Sales Order" required="true"/>
				<MultiInput tokens="{ path: 'arrivalWelcomeModel>/ArrivalSalesTokens'}" valueHelpOnly="true" showValueHelp="true"
					valueHelpRequest="onSalesArrivalF4">
					<tokens>
						<Token text="{arrivalWelcomeModel>SalesOrderNo}"/>
					</tokens>
				</MultiInput>
				<Label text="Date"/>
				<DatePicker id="Fragdatepic" dateValue="{arrivalWelcomeModel>/ArrivalDate}" enabled="false"/>
				<Label text="Time"/>
				<TimePicker id="FragTimepic" dateValue="{arrivalWelcomeModel>/oArrivalTime}" enabled="false"/>
				<Label text="Reported By"/>
				<Input id="idReportedby" value="{arrivalWelcomeModel>/ReportedBy}"/>
			</f:content>
		</f:SimpleForm>
		<beginButton>
			<Button text="Create" press="onCreate"/>
		</beginButton>
		<endButton>
			<Button text="Close" press="onCloseDialog"/>
		</endButton>
	</Dialog>
</core:FragmentDefinition>