<core:FragmentDefinition xmlns:core="sap.ui.core" xmlns="sap.m" xmlns:l="sap.ui.layout" xmlns:f="sap.ui.layout.form">
	<TableSelectDialog noDataText="No Drivers Found" title="Select Driver" search="handleDriverSearch" confirm="handleConfirm"
		cancel="handleClose" items="{ path : 'arrivalViewModel>/results'}" contentWidth="30%" contentHeight="60%">
		<columns>
			<Column>
				<Text text="Driver Code"/>
			</Column>
			<Column>
				<Text text="Name"/>
			</Column>
			<Column>
				<Text text="Carrier"/>
			</Column>
		</columns>
		<items>
			<ColumnListItem>
				<cells>
					<Text text="{arrivalViewModel>DriverCode}"/>
					<Text text="{arrivalViewModel>FullName}"/>
					<Text text="{arrivalViewModel>CarrierID}"/>
				</cells>
			</ColumnListItem>
		</items>
	</TableSelectDialog>
</core:FragmentDefinition>