<core:FragmentDefinition xmlns="sap.m" xmlns:core="sap.ui.core">
	<Dialog>
		<customHeader>
			<Toolbar>
				<ToolbarSpacer/>
				<Button text="Add" press="onAddOrder"/>
			</Toolbar>
		</customHeader>
		<beginButton>
			<Button text="OK" press="onValidate"/>
		</beginButton>
		<endButton>
			<Button text="Close" press="onClose"/>
		</endButton>
		<List noDataText="No Sales Orders Found" items="{truckLocalModel>/salesOrders}" headerText="SalesOrder" mode="Delete"
			delete="onPressDelete">
			<CustomListItem>
				<Input value="{truckLocalModel>SalesOrderNo}" width="80%" class="sapUiSmallMarginBegin"/>
			</CustomListItem>
		</List>
	</Dialog>
</core:FragmentDefinition>