<core:FragmentDefinition xmlns="sap.m" xmlns:core="sap.ui.core">
	<Dialog>
		<customHeader>
			<Toolbar>
				<ToolbarSpacer/>
				<Button text="Add" press="onAddArrivalOrder"/>
			</Toolbar>
		</customHeader>
		<beginButton>
			<Button text="OK" press="onSetTokens"/>
		</beginButton>
		<endButton>
			<Button text="Close" press="onCloseSalesNew"/>
		</endButton>
		<List noDataText="click 'Add' to add Sales Orders" items="{arrivalWelcomeModel>/ArrivalSalesOrders}" headerText="SalesOrder" mode="Delete"
			delete="onDeleteToken">
			<CustomListItem>
				<Input value="{arrivalWelcomeModel>ArrivalSalesOrder}" width="80%" class="sapUiSmallMarginBegin"/>
			</CustomListItem>
		</List>
	</Dialog>
</core:FragmentDefinition>