<core:FragmentDefinition xmlns:core="sap.ui.core" xmlns="sap.m" xmlns:l="sap.ui.layout" xmlns:f="sap.ui.layout.form">
	<TableSelectDialog noDataText="No Truck Found" title="Select Truck" liveChange="handleTruckSearch" confirm="handleTruckConfirm"
		cancel="handleTruckClose" items="{ path : 'arrivalWelcomeModel>/TruckResults'}" contentWidth="30%" contentHeight="60%">
		<columns>
			<Column>
				<Text text="Truck Number"/>
			</Column>
			<Column>
				<Text text="Type"/>
			</Column>
			<Column>
				<Text text="Carrier"/>
			</Column>
		</columns>
		<items>
			<ColumnListItem>
				<cells>
					<Text text="{arrivalWelcomeModel>VehicleNumber}"/>
					<Text text="{arrivalWelcomeModel>VehicleType}"/>
					<Text text="{arrivalWelcomeModel>CarrierID}"/>
				</cells>
			</ColumnListItem>
		</items>
	</TableSelectDialog>
</core:FragmentDefinition>