<edmx:Edmx xmlns:edmx="http://schemas.microsoft.com/ado/2007/06/edmx"
	xmlns:m="http://schemas.microsoft.com/ado/2007/08/dataservices/metadata" xmlns:sap="http://www.sap.com/Protocols/SAPData" Version="1.0">
	<edmx:Reference xmlns:edmx="http://docs.oasis-open.org/odata/ns/edmx"
		Uri="./IWFND/CATALOGSERVICE;v=2/Vocabularies(TechnicalName='%2FIWBEP%2FVOC_COMMON',Version='0001',SAP__Origin='')/$value"><edmx:Include Namespace="com.sap.vocabularies.Common.v1" Alias="Common"/></edmx:Reference>
	<edmx:Reference xmlns:edmx="http://docs.oasis-open.org/odata/ns/edmx"
		Uri="./IWFND/CATALOGSERVICE;v=2/Vocabularies(TechnicalName='%2FIWBEP%2FVOC_CAPABILITIES',Version='0001',SAP__Origin='')/$value"><edmx:Include Namespace="Org.OData.Capabilities.V1" Alias="Capabilities"/></edmx:Reference>
	<edmx:Reference xmlns:edmx="http://docs.oasis-open.org/odata/ns/edmx"
		Uri="./IWFND/CATALOGSERVICE;v=2/Vocabularies(TechnicalName='%2FIWBEP%2FVOC_COMMUNICATION',Version='0001',SAP__Origin='')/$value"><edmx:Include Namespace="com.sap.vocabularies.Communication.v1" Alias="Communication"/></edmx:Reference>
	<edmx:Reference xmlns:edmx="http://docs.oasis-open.org/odata/ns/edmx"
		Uri="./IWFND/CATALOGSERVICE;v=2/Vocabularies(TechnicalName='%2FIWBEP%2FVOC_AGGREGATION',Version='0001',SAP__Origin='')/$value"><edmx:Include Namespace="Org.OData.Aggregation.V1" Alias="Aggregation"/></edmx:Reference>
	<edmx:Reference xmlns:edmx="http://docs.oasis-open.org/odata/ns/edmx"
		Uri="./IWFND/CATALOGSERVICE;v=2/Vocabularies(TechnicalName='%2FIWBEP%2FVOC_PERSONALDATA',Version='0001',SAP__Origin='')/$value"><edmx:Include Namespace="com.sap.vocabularies.PersonalData.v1" Alias="PersonalData"/></edmx:Reference>
	<edmx:DataServices m:DataServiceVersion="2.0">
		<Schema xmlns="http://schemas.microsoft.com/ado/2008/09/edm" Namespace="ZOGS_TRK_ARR_CKPT_DJ_SRV" xml:lang="en" sap:schema-version="1">
			<EntityType Name="Truck" sap:content-version="1">
				<Key><PropertyRef Name="GUID"/></Key><Property Name="IsCreatingFromHO" Type="Edm.Boolean" Nullable="false" sap:unicode="false" sap:label="Is Creating From HO"
					sap:creatable="false" sap:updatable="false" sap:sortable="false" sap:filterable="false"/><Property Name="ArrivalDate" Type="Edm.DateTime" Precision="7" sap:unicode="false" sap:label="Arrival Date" sap:creatable="false"
					sap:updatable="false" sap:sortable="false" sap:filterable="false"/><Property Name="CreatedOn" Type="Edm.DateTime" Precision="7" sap:unicode="false" sap:label="Created on" sap:creatable="false"
					sap:updatable="false" sap:sortable="false" sap:filterable="false"/><Property Name="LastChangedOn" Type="Edm.DateTime" Precision="7" sap:unicode="false" sap:label="Last Changed On" sap:creatable="false"
					sap:updatable="false" sap:sortable="false" sap:filterable="false"/><Property Name="GUID" Type="Edm.Guid" Nullable="false" sap:unicode="false" sap:label="GUID 16" sap:creatable="false" sap:updatable="false"
					sap:sortable="false" sap:filterable="false"/><Property Name="TruckNumber" Type="Edm.String" Nullable="false" MaxLength="10" sap:unicode="false" sap:label="Truck no."
					sap:creatable="false" sap:updatable="false" sap:sortable="false" sap:filterable="false"/><Property Name="TruckStatus" Type="Edm.String" Nullable="false" MaxLength="2" sap:unicode="false" sap:label="Truck Status"
					sap:creatable="false" sap:updatable="false" sap:sortable="false" sap:filterable="false"/><Property Name="Plant" Type="Edm.String" Nullable="false" MaxLength="4" sap:unicode="false" sap:label="Plant" sap:creatable="false"
					sap:updatable="false" sap:sortable="false" sap:filterable="false"/><Property Name="SalesOrderNo" Type="Edm.String" Nullable="false" MaxLength="10" sap:unicode="false" sap:label="Sales Document"
					sap:creatable="false" sap:updatable="false" sap:sortable="false" sap:filterable="false"/><Property Name="DeliveryNo" Type="Edm.String" Nullable="false" MaxLength="10" sap:unicode="false" sap:label="Delivery" sap:creatable="false"
					sap:updatable="false" sap:sortable="false" sap:filterable="false"/><Property Name="ShipmentNo" Type="Edm.String" Nullable="false" MaxLength="10" sap:unicode="false" sap:label="Bulk shipment"
					sap:creatable="false" sap:updatable="false" sap:sortable="false" sap:filterable="false"/><Property Name="CreatedBy" Type="Edm.String" Nullable="false" MaxLength="12" sap:unicode="false" sap:label="Created by"
					sap:creatable="false" sap:updatable="false" sap:sortable="false" sap:filterable="false"/><Property Name="LastChangedBy" Type="Edm.String" Nullable="false" MaxLength="12" sap:unicode="false" sap:label="Last Changed By"
					sap:creatable="false" sap:updatable="false" sap:sortable="false" sap:filterable="false"/><Property Name="PlantTxt" Type="Edm.String" Nullable="false" MaxLength="30" sap:unicode="false" sap:label="Plant Description"
					sap:creatable="false" sap:updatable="false" sap:sortable="false" sap:filterable="false"/><Property Name="TruckStatusTxt" Type="Edm.String" Nullable="false" MaxLength="60" sap:unicode="false" sap:label="Truck Status Description"
					sap:creatable="false" sap:updatable="false" sap:sortable="false" sap:filterable="false"/><Property Name="CallingFrom" Type="Edm.String" Nullable="false" MaxLength="10" sap:unicode="false" sap:label="Calling From"
					sap:creatable="false" sap:updatable="false" sap:sortable="false" sap:filterable="false"/><Property Name="ArrivalTime" Type="Edm.Time" Nullable="false" Precision="0" sap:unicode="false" sap:label="Arrival Time"
					sap:creatable="false" sap:updatable="false" sap:sortable="false" sap:filterable="false"/><Property Name="CreatedAt" Type="Edm.Time" Nullable="false" Precision="0" sap:unicode="false" sap:label="Created At" sap:creatable="false"
					sap:updatable="false" sap:sortable="false" sap:filterable="false"/><Property Name="LastChangedAt" Type="Edm.Time" Nullable="false" Precision="0" sap:unicode="false" sap:label="Last Changed At"
					sap:creatable="false" sap:updatable="false" sap:sortable="false" sap:filterable="false"/><NavigationProperty Name="Heads" Relationship="ZOGS_TRK_ARR_CKPT_DJ_SRV.HeadTruck" FromRole="ToRole_HeadTruck" ToRole="FromRole_HeadTruck"/></EntityType>
			<EntityType Name="Authorization" sap:content-version="1">
				<Key><PropertyRef Name="UserName"/></Key><Property Name="UserName" Type="Edm.String" Nullable="false" MaxLength="12" sap:unicode="false" sap:label="User Name" sap:creatable="false"
					sap:updatable="false" sap:sortable="false" sap:filterable="false"/><Property Name="IsAuthorisedTruckArrival" Type="Edm.Boolean" Nullable="false" sap:unicode="false" sap:label="Is Authorised Truck Arrival"
					sap:creatable="false" sap:updatable="false" sap:sortable="false" sap:filterable="false"/><Property Name="IsAuthorisedTruckCall" Type="Edm.Boolean" Nullable="false" sap:unicode="false" sap:label="Is Authorised Truck Call"
					sap:creatable="false" sap:updatable="false" sap:sortable="false" sap:filterable="false"/><Property Name="IsAuthorisedTruckWelcome" Type="Edm.Boolean" Nullable="false" sap:unicode="false" sap:label="Is Authorised Truck Welcome"
					sap:creatable="false" sap:updatable="false" sap:sortable="false" sap:filterable="false"/></EntityType>
			<EntityType Name="Head" sap:content-version="1">
				<Key><PropertyRef Name="GUID"/></Key><Property Name="GUID" Type="Edm.Guid" Nullable="false" sap:unicode="false" sap:label="GUID 16" sap:creatable="false" sap:updatable="false"
					sap:sortable="false" sap:filterable="false"/><Property Name="TruckNumber" Type="Edm.String" Nullable="false" MaxLength="10" sap:unicode="false" sap:label="Truck no."
					sap:creatable="false" sap:updatable="false" sap:sortable="false" sap:filterable="false"/><Property Name="Plant" Type="Edm.String" Nullable="false" MaxLength="4" sap:unicode="false" sap:label="Plant" sap:creatable="false"
					sap:updatable="false" sap:sortable="false" sap:filterable="false"/><Property Name="CallingFrom" Type="Edm.String" Nullable="false" MaxLength="10" sap:unicode="false" sap:label="Calling From"
					sap:creatable="false" sap:updatable="false" sap:sortable="false" sap:filterable="false"/><Property Name="IsCreatingFromHO" Type="Edm.Boolean" Nullable="false" sap:unicode="false" sap:label="Is Creating From HO"
					sap:creatable="false" sap:updatable="false" sap:sortable="false" sap:filterable="false"/><NavigationProperty Name="Trucks" Relationship="ZOGS_TRK_ARR_CKPT_DJ_SRV.HeadTruck" FromRole="FromRole_HeadTruck" ToRole="ToRole_HeadTruck"/></EntityType>
			<EntityType Name="ZOGS_TAC_PLANT_LSTType" sap:label="OGS: Truck arrival cockpit list" sap:content-version="1">
				<Key><PropertyRef Name="Plant"/></Key><Property Name="Plant" Type="Edm.String" Nullable="false" MaxLength="4" sap:display-format="UpperCase" sap:label="Plant"/><Property Name="PlantTxt" Type="Edm.String" MaxLength="30" sap:label="Name 1" sap:quickinfo="Name"/></EntityType>
			<EntityType Name="ZOGS_TAC_TRUCK_LSTType" sap:label="OGS: Truck arrival cockpit Truck list" sap:content-version="1">
				<Key><PropertyRef Name="GUID"/></Key><Property Name="GUID" Type="Edm.Guid" Nullable="false" sap:label="GUID 16" sap:quickinfo="GUID in 'RAW' format"/><Property Name="TruckNumber" Type="Edm.String" MaxLength="10" sap:display-format="UpperCase" sap:label="Truck number"/><Property Name="TruckStatus" Type="Edm.String" MaxLength="2" sap:display-format="UpperCase" sap:label="Truck Status"
					sap:quickinfo="Truck status"/><Property Name="ArrivalDate" Type="Edm.DateTime" Precision="0" sap:display-format="Date" sap:label="Date"/><Property Name="ArrivalTime" Type="Edm.Time" Precision="0" sap:label="Time"/><Property Name="Plant" Type="Edm.String" MaxLength="4" sap:display-format="UpperCase" sap:label="Plant"/><Property Name="SalesOrderNo" Type="Edm.String" MaxLength="10" sap:display-format="UpperCase" sap:label="Sales document"
					sap:quickinfo="Sales Document"/><Property Name="DeliveryNo" Type="Edm.String" MaxLength="10" sap:display-format="UpperCase" sap:label="Delivery"/><Property Name="ShipmentNo" Type="Edm.String" MaxLength="10" sap:display-format="UpperCase" sap:label="Bulk shipment no."
					sap:quickinfo="TD shipment number"/><Property Name="CreatedBy" Type="Edm.String" MaxLength="12" sap:display-format="UpperCase" sap:label="Created by"
					sap:quickinfo="Name of Person who Created the Object"/><Property Name="CreatedOn" Type="Edm.DateTime" Precision="0" sap:display-format="Date" sap:label="Created on"
					sap:quickinfo="Date on which the record was created"/><Property Name="CreatedAt" Type="Edm.Time" Precision="0" sap:label="Time" sap:quickinfo="Entry time"/><Property Name="LastChangedBy" Type="Edm.String" MaxLength="12" sap:display-format="UpperCase" sap:label="Last Changed By"/><Property Name="LastChangedOn" Type="Edm.DateTime" Precision="0" sap:display-format="Date" sap:label="Changed On"
					sap:quickinfo="Date of Last Change"/><Property Name="LastChangedAt" Type="Edm.Time" Precision="0" sap:label="Time" sap:quickinfo="Last changed at"/><Property Name="PlantTxt" Type="Edm.String" MaxLength="30" sap:label="Name 1" sap:quickinfo="Name"/><Property Name="TruckStatusTxt" Type="Edm.String" MaxLength="60" sap:label="Short Descript." sap:quickinfo="Short Text for Fixed Values"/><Property Name="CallingFrom" Type="Edm.String" MaxLength="1"/><Property Name="IsCreatedByHO" Type="Edm.String" MaxLength="1" sap:display-format="UpperCase" sap:label=""
					sap:quickinfo="Single-Character Flag"/></EntityType>
			<Association Name="HeadTruck" sap:content-version="1"><End Type="ZOGS_TRK_ARR_CKPT_DJ_SRV.Head" Multiplicity="1" Role="FromRole_HeadTruck"/><End Type="ZOGS_TRK_ARR_CKPT_DJ_SRV.Truck" Multiplicity="*" Role="ToRole_HeadTruck"/>
				<ReferentialConstraint>
					<Principal Role="FromRole_HeadTruck"><PropertyRef Name="GUID"/></Principal>
					<Dependent Role="ToRole_HeadTruck"><PropertyRef Name="GUID"/></Dependent>
				</ReferentialConstraint>
			</Association>
			<EntityContainer Name="ZOGS_TRK_ARR_CKPT_DJ_SRV_Entities" m:IsDefaultEntityContainer="true" sap:message-scope-supported="true"
				sap:supported-formats="atom json xlsx"><EntitySet Name="ZOGS_TAC_PLANT_LST" EntityType="ZOGS_TRK_ARR_CKPT_DJ_SRV.ZOGS_TAC_PLANT_LSTType" sap:creatable="false"
				sap:updatable="false" sap:deletable="false" sap:content-version="1"/><EntitySet Name="ZOGS_TAC_TRUCK_LST" EntityType="ZOGS_TRK_ARR_CKPT_DJ_SRV.ZOGS_TAC_TRUCK_LSTType" sap:creatable="false"
				sap:updatable="false" sap:deletable="false" sap:content-version="1"/><EntitySet Name="Trucks" EntityType="ZOGS_TRK_ARR_CKPT_DJ_SRV.Truck" sap:creatable="false" sap:updatable="false" sap:deletable="false"
				sap:pageable="false" sap:content-version="1"/><EntitySet Name="Authorizations" EntityType="ZOGS_TRK_ARR_CKPT_DJ_SRV.Authorization" sap:creatable="false" sap:updatable="false"
				sap:deletable="false" sap:pageable="false" sap:content-version="1"/><EntitySet Name="Heads" EntityType="ZOGS_TRK_ARR_CKPT_DJ_SRV.Head" sap:creatable="false" sap:updatable="false" sap:deletable="false"
				sap:pageable="false" sap:content-version="1"/>
				<AssociationSet Name="HeadTruckSet" Association="ZOGS_TRK_ARR_CKPT_DJ_SRV.HeadTruck" sap:creatable="false" sap:updatable="false"
					sap:deletable="false" sap:content-version="1"><End EntitySet="Heads" Role="FromRole_HeadTruck"/><End EntitySet="Trucks" Role="ToRole_HeadTruck"/></AssociationSet>
			</EntityContainer>
			<Annotations xmlns="http://docs.oasis-open.org/odata/ns/edm" Target="ZOGS_TRK_ARR_CKPT_DJ_SRV.ZOGS_TRK_ARR_CKPT_DJ_SRV_Entities">
				<Annotation Term="Aggregation.ApplySupported">
					<Record>
						<PropertyValue Property="Transformations">
							<Collection>
								<String>aggregate</String>
								<String>groupby</String>
								<String>filter</String>
							</Collection>
						</PropertyValue><PropertyValue Property="Rollup" EnumMember="None"/></Record>
				</Annotation>
			</Annotations><atom:link xmlns:atom="http://www.w3.org/2005/Atom" rel="self" href="./sap/ZOGS_TRK_ARR_CKPT_DJ_SRV/$metadata"/><atom:link xmlns:atom="http://www.w3.org/2005/Atom" rel="latest-version" href="./sap/ZOGS_TRK_ARR_CKPT_DJ_SRV/$metadata"/></Schema>
	</edmx:DataServices>
</edmx:Edmx>